scenario,output_hz,measurement_ms,gain,camera_hz,noise,jitter,response_error_ms,speed_scale,p95_px,peak_px,within_3px_pct,error_integral_px_ms,commands
constant,120,16,1.00,120,0.20,0,0,1.00,2.600,3.150,99.300,675.2,60
smooth_speed,120,16,1.00,120,0.20,0,0,1.00,12.399,13.332,30.300,2960.6,50
stop,120,16,1.00,120,0.20,0,0,1.00,12.000,12.000,76.700,1113.5,14
reverse,120,16,1.00,120,0.20,0,0,1.00,20.650,23.200,72.700,2214.5,60
acceleration,120,16,1.00,120,0.20,0,0,1.00,6.582,7.741,49.000,1593.8,60
jump,120,16,1.00,120,0.20,0,0,1.00,15.641,18.095,2.500,3291.3,55
circle,120,16,1.00,120,0.20,0,0,1.00,11.938,12.493,6.600,4932.8,60
stationary,120,16,1.00,120,0.20,0,0,1.00,0.000,0.000,100.000,0.0,0
position_step,120,16,1.00,120,0.20,0,0,1.00,22.900,25.200,62.600,2593.3,60
